Section,Aspect,Agent,Score,Line_References,Details
Executive Summary,Narrative,Both,,Lines 1-45,"Both agents successfully convert Teradata EXPAND ON functionality to Snowflake-compatible SQL. example2_expandOn_converted uses a recursive CTE approach with JSON simulation, while example2_expandOn_snowconvert uses UDF-based approach with VARCHAR period handling. Both achieve the same functional outcome of expanding timestamp periods into individual second-aligned timestamps."
Detailed Analysis,Semantic Similarity,Both,85,Lines 1-45,"Both outputs address the same core requirement: converting Teradata's EXPAND ON functionality for timestamp period expansion. The semantic intent is identical - extracting individual timestamps from period data aligned to second boundaries. Minor differences in approach (recursive CTE vs UDF calls) but same end goal and logic flow."
Detailed Analysis,Structural Similarity,Both,75,Lines 1-45,"Both follow similar overall structure: table creation, data insertion, and period expansion query. example2_expandOn_converted uses recursive CTE pattern (lines 18-35), while example2_expandOn_snowconvert uses UDF-based CTE pattern (lines 12-22). Different decomposition approaches but logical flow alignment."
Detailed Analysis,Correctness,example2_expandOn_converted,95,Lines 7-35,"Syntactically correct Snowflake SQL. Valid table creation, JSON parsing, recursive CTE structure, and SELECT statements. Minor consideration: recursive CTE may have performance implications for large datasets but syntax is sound."
Detailed Analysis,Correctness,example2_expandOn_snowconvert,90,Lines 8-22,"Syntactically correct Snowflake SQL with proper UDF calls and CTE structure. Assumes existence of custom UDFs (PUBLIC.PERIOD_UDF, PUBLIC.EXPAND_ON_UDF, etc.) which are referenced but not defined in this output. Syntax is valid assuming UDF availability."
Detailed Analysis,Correctness,Overall,93,,"Average correctness score. Both outputs demonstrate strong syntactic validity with proper SQL structure, valid function calls, and correct Snowflake-specific syntax usage."
Aspect,example2_expandOn_converted,example2_expandOn_snowconvert,Overall
Semantic Similarity,,,85
Structural Similarity,,,75
Correctness,95,90,93
Overall,85,85,85
Recommendations,Recommendation,example2_expandOn_converted,,Lines 18-35,"Consider adding performance optimization for recursive CTE with large datasets. Add explicit recursion limits and consider indexing strategies for better performance."
Recommendations,Recommendation,example2_expandOn_snowconvert,,Lines 8-22,"Ensure all referenced UDFs (PERIOD_UDF, EXPAND_ON_UDF, DIFF_TIME_PERIOD_UDF, etc.) are properly defined and available in the target environment. Consider providing UDF definitions or fallback implementations."
Recommendations,Recommendation,Both,,Lines 1-45,"Both approaches are valid. Choose recursive CTE approach for environments without custom UDFs, or UDF approach when UDF library is available and maintained. Consider hybrid approach for maximum compatibility."